rentree_scolaire;libelle_formation;type_etab_rgmt;secteur;numero_departement;libelle_departement;nombre_de_boursiers;nombre_de_boursiers_5;nombre_de_boursiers_dernier_echelon_3_college_6_lycees;nombre_de_boursiers_dernier_echelon_3_college_6_lycees_5
2020;1ER CYCLE;LYCEE;Privé;89;Yonne;0;<5;0;0
2020;1ER CYCLE;LYCEE;Privé;92;Hauts-de-Seine;0;<5;0;0
2020;2EME CYCLE LONG GT;LYCEE;Privé;70;Haute-Saône;0;<5;0;0
2020;1ER CYCLE;LYCEE;Privé;9;Ariège;0;<5;0;0
2020;1ER CYCLE;LYCEE;Privé;82;Tarn-et-Garonne;0;<5;0;0
2020;1ER CYCLE;LYCEE;Privé;974;La Réunion;0;<5;0;0
2020;1ER CYCLE;LYCEE;Privé;1;Ain;5;;0;0
2020;1ER CYCLE;LYCEE;Privé;79;Deux-Sèvres;8;;0;0
2020;1ER CYCLE;LYCEE;Privé;93;Seine-Saint-Denis;9;;0;0
2020;1ER CYCLE;LYCEE;Privé;35;Ille-et-Vilaine;11;;0;0
2020;1ER CYCLE;LYCEE;Privé;67;Bas-Rhin;15;;0;0
2020;1ER CYCLE;LYCEE;Privé;84;Vaucluse;24;;0;0
2020;1ER CYCLE;LYCEE;Privé;72;Sarthe;25;;0;0
2020;1ER CYCLE;LYCEE;Privé;81;Tarn;26;;0;0
2020;1ER CYCLE;LYCEE;Privé;33;Gironde;29;;0;0
2020;1ER CYCLE;LYCEE;Public;80;Somme;31;;0;0
2020;1ER CYCLE;LYCEE;Public;32;Gers;35;;0;0
2020;1ER CYCLE;LYCEE;Public;53;Mayenne;35;;0;0
2020;1ER CYCLE;LYCEE;Public;10;Aube;36;;0;0
2020;1ER CYCLE;LYCEE;Public;70;Haute-Saône;36;;0;0
2020;1ER CYCLE;LYCEE;Privé;6;Alpes-Maritimes;38;;0;0
2020;1ER CYCLE;LYCEE;Public;50;Manche;42;;0;0
2020;1ER CYCLE;LYCEE;Privé;70;Haute-Saône;43;;0;0
2020;1ER CYCLE;LYCEE;Public;41;Loir-et-Cher;43;;0;0
2020;1ER CYCLE;LYCEE;Public;19;Corrèze;44;;0;0
2020;1ER CYCLE;LYCEE;Privé;68;Haut-Rhin;45;;0;0
2020;1ER CYCLE;LYCEE;Privé;14;Calvados;47;;0;0
2020;1ER CYCLE;LYCEE;Public;83;Var;59;;0;0
2020;1ER CYCLE;LYCEE;Public;43;Haute-Loire;61;;0;0
2020;1ER CYCLE;LYCEE;Public;24;Dordogne;63;;0;0
2020;1ER CYCLE;LYCEE;Public;37;Indre-et-Loire;63;;0;0
2020;1ER CYCLE;LYCEE;Public;9;Ariège;71;;0;0
2020;1ER CYCLE;LYCEE;Public;27;Eure;83;;0;0
2020;1ER CYCLE;LYCEE;Public;88;Vosges;88;;0;0
2020;1ER CYCLE;LYCEE;Public;93;Seine-Saint-Denis;92;;0;0
2020;1ER CYCLE;LYCEE;Public;42;Loire;101;;0;0
2020;1ER CYCLE;LYCEE;Public;29;Finistère;113;;0;0
2020;1ER CYCLE;LYCEE;Public;44;Loire-Atlantique;138;;0;0
2020;1ER CYCLE;LYCEE;Public;30;Gard;171;;0;0
2020;1ER CYCLE;LYCEE;Public;57;Moselle;171;;0;0
2020;1ER CYCLE;LYCEE;Public;34;Hérault;265;;0;0
2020;1ER CYCLE;LYCEE;Public;62;Pas-de-Calais;306;;0;0
2020;2EME CYCLE COURT PRO;LYCEE;Privé;11;Aude;6;;0;<5
2020;2EME CYCLE COURT PRO;LYCEE;Privé;18;Cher;6;;0;<5
2020;2EME CYCLE COURT PRO;LYCEE;Privé;75;Paris;29;;0;<5
2020;2EME CYCLE COURT PRO;LYCEE;Privé;24;Dordogne;30;;0;<5
2020;2EME CYCLE COURT PRO;LYCEE;Privé;6;Alpes-Maritimes;32;;0;<5
2020;2EME CYCLE COURT PRO;LYCEE;Privé;82;Tarn-et-Garonne;27;;0;<5
2020;2EME CYCLE LONG PRO;LYCEE;Privé;9;Ariège;36;;7;
2020;2EME CYCLE COURT PRO;LYCEE;Privé;71;Saône-et-Loire;48;;7;
2020;2EME CYCLE LONG PRO;LYCEE;Privé;55;Meuse;52;;8;
2020;2EME CYCLE COURT PRO;LYCEE;Privé;84;Vaucluse;47;;9;
2020;2EME CYCLE LONG PRO;LYCEE;Privé;87;Haute-Vienne;61;;9;
2020;2EME CYCLE COURT PRO;LYCEE;Privé;94;Val-de-Marne;46;;10;
2020;2EME CYCLE COURT PRO;LYCEE;Privé;973;Guyane;14;;11;
2020;2EME CYCLE LONG GT;LYCEE;Privé;90;Territoire de Belfort;62;;11;
2020;2EME CYCLE LONG GT;LYCEE;Privé;87;Haute-Vienne;65;;11;
2020;2EME CYCLE LONG GT;LYCEE;Privé;17;Charente-Maritime;108;;12;
2020;2EME CYCLE LONG GT;LYCEE;Privé;58;Nièvre;71;;13;
2020;2EME CYCLE LONG GT;LYCEE;Privé;39;Jura;86;;13;
2020;2EME CYCLE LONG GT;LYCEE;Privé;18;Cher;52;;14;
2020;2EME CYCLE COURT PRO;LYCEE;Privé;10;Aube;59;;16;
2020;2EME CYCLE LONG PRO;LYCEE;Privé;19;Corrèze;122;;16;
2020;2EME CYCLE LONG PRO;LYCEE;Privé;78;Yvelines;113;;20;
2020;2EME CYCLE COURT PRO;LYCEE;Public;46;Lot;73;;21;
2020;2EME CYCLE COURT PRO;LYCEE;Public;32;Gers;80;;21;
2020;2EME CYCLE LONG PRO;LYCEE;Privé;41;Loir-et-Cher;118;;21;
2020;2EME CYCLE LONG PRO;LYCEE;Privé;51;Marne;200;;21;
2020;2EME CYCLE LONG GT;LYCEE;Privé;3;Allier;121;;22;
2020;2EME CYCLE LONG PRO;LYCEE;Privé;65;Hautes-Pyrénées;119;;23;
2020;2EME CYCLE LONG PRO;LYCEE;Privé;972;Martinique;68;;24;
2020;2EME CYCLE COURT PRO;LYCEE;Privé;56;Morbihan;111;;25;
2020;2EME CYCLE COURT PRO;LYCEE;Privé;38;Isère;113;;25;
2020;2EME CYCLE COURT PRO;LYCEE;Public;41;Loir-et-Cher;123;;28;
2020;2EME CYCLE COURT PRO;LYCEE;Privé;44;Loire-Atlantique;158;;28;
2020;2EME CYCLE COURT PRO;LYCEE;Public;19;Corrèze;92;;29;
2020;2EME CYCLE LONG GT;LYCEE;Privé;86;Vienne;161;;31;
2020;2EME CYCLE LONG GT;LYCEE;Privé;51;Marne;190;;31;
2020;2EME CYCLE COURT PRO;LYCEE;Public;82;Tarn-et-Garonne;115;;32;
2020;COLLEGE;COLLEGE;Privé;9;Ariège;174;;32;
2020;2EME CYCLE LONG GT;LYCEE;Public;48;Lozère;174;;34;
2020;2EME CYCLE COURT PRO;LYCEE;Privé;29;Finistère;101;;37;
2020;2EME CYCLE LONG PRO;LYCEE;Privé;68;Haut-Rhin;258;;41;
2020;2EME CYCLE COURT PRO;LYCEE;Public;53;Mayenne;132;;44;
2020;2EME CYCLE COURT PRO;LYCEE;Public;61;Orne;153;;44;
2020;2EME CYCLE LONG PRO;LYCEE;Privé;58;Nièvre;162;;45;
2020;2EME CYCLE LONG PRO;LYCEE;Privé;10;Aube;192;;45;
2020;2EME CYCLE LONG PRO;LYCEE;Privé;94;Val-de-Marne;186;;46;
2020;2EME CYCLE LONG PRO;LYCEE;Privé;81;Tarn;245;;48;
2020;2EME CYCLE LONG GT;LYCEE;Privé;57;Moselle;280;;48;
2020;COLLEGE;COLLEGE;Privé;21;Côte-d'Or;324;;49;
2020;COLLEGE;COLLEGE;Privé;82;Tarn-et-Garonne;344;;49;
2020;2EME CYCLE LONG PRO;LYCEE;Privé;49;Maine-et-Loire;476;;49;
2020;2EME CYCLE COURT PRO;LYCEE;Privé;76;Seine-Maritime;179;;54;
2020;2EME CYCLE LONG GT;LYCEE;Privé;66;Pyrénées-Orientales;260;;54;
2020;COLLEGE;COLLEGE;Privé;28;Eure-et-Loir;360;;57;
2020;2EME CYCLE COURT PRO;LYCEE;Public;65;Hautes-Pyrénées;145;;58;
2020;2EME CYCLE COURT PRO;LYCEE;Public;73;Savoie;226;;62;
2020;COLLEGE;COLLEGE;Privé;71;Saône-et-Loire;356;;62;
2020;2EME CYCLE COURT PRO;LYCEE;Public;21;Côte-d'Or;220;;63;
2020;COLLEGE;COLLEGE;Privé;16;Charente;233;;63;
2020;2EME CYCLE LONG GT;LYCEE;Privé;80;Somme;370;;65;
2020;2EME CYCLE LONG GT;LYCEE;Privé;34;Hérault;479;;69;
2020;2EME CYCLE LONG PRO;LYCEE;Privé;54;Meurthe-et-Moselle;316;;73;
2020;COLLEGE;COLLEGE;Privé;74;Haute-Savoie;513;;74;
2020;2EME CYCLE LONG GT;LYCEE;Public;23;Creuse;449;;79;
2020;2EME CYCLE COURT PRO;LYCEE;Public;86;Vienne;203;;81;
2020;2EME CYCLE LONG PRO;LYCEE;Privé;33;Gironde;457;;81;
2020;COLLEGE;COLLEGE;Privé;67;Bas-Rhin;468;;82;
2020;2EME CYCLE LONG PRO;LYCEE;Public;4;Alpes-de-Haute-Provence;364;;83;
2020;2EME CYCLE LONG PRO;LYCEE;Privé;76;Seine-Maritime;566;;92;
2020;2EME CYCLE COURT PRO;LYCEE;Public;64;Pyrénées-Atlantiques;326;;96;
2020;2EME CYCLE LONG PRO;LYCEE;Privé;57;Moselle;510;;99;
2020;COLLEGE;COLLEGE;Privé;60;Oise;614;;102;
2020;2EME CYCLE LONG GT;LYCEE;Public;55;Meuse;628;;106;
2020;COLLEGE;COLLEGE;Privé;6;Alpes-Maritimes;493;;107;
2020;COLLEGE;COLLEGE;Privé;88;Vosges;392;;108;
2020;COLLEGE;COLLEGE;Privé;43;Haute-Loire;805;;116;
2020;2EME CYCLE LONG GT;LYCEE;Public;19;Corrèze;888;;128;
2020;COLLEGE;COLLEGE;Privé;94;Val-de-Marne;619;;141;
2020;2EME CYCLE LONG PRO;LYCEE;Public;36;Indre;550;;155;
2020;2EME CYCLE LONG PRO;LYCEE;Public;74;Haute-Savoie;824;;158;
2020;2EME CYCLE COURT PRO;LYCEE;Public;54;Meurthe-et-Moselle;360;;159;
2020;COLLEGE;COLLEGE;Privé;14;Calvados;863;;161;
2020;2EME CYCLE COURT PRO;LYCEE;Public;60;Oise;596;;172;
2020;2EME CYCLE LONG PRO;LYCEE;Public;65;Hautes-Pyrénées;697;;172;
2020;COLLEGE;COLLEGE;Privé;38;Isère;1045;;176;
2020;2EME CYCLE LONG GT;LYCEE;Public;36;Indre;819;;179;
2020;2EME CYCLE LONG PRO;LYCEE;Public;1;Ain;925;;179;
2020;COLLEGE;COLLEGE;Privé;974;La Réunion;648;;189;
2020;2EME CYCLE COURT PRO;LYCEE;Public;57;Moselle;448;;191;
2020;2EME CYCLE COURT PRO;LYCEE;Public;94;Val-de-Marne;661;;198;
2020;2EME CYCLE COURT PRO;LYCEE;Public;95;Val-d'Oise;682;;200;
2020;2EME CYCLE LONG PRO;LYCEE;Public;28;Eure-et-Loir;922;;204;
2020;2EME CYCLE COURT PRO;LYCEE;Public;77;Seine-et-Marne;707;;214;
2020;2EME CYCLE LONG GT;LYCEE;Public;18;Cher;1026;;226;
2020;2EME CYCLE LONG GT;LYCEE;Public;41;Loir-et-Cher;1099;;227;
2020;COLLEGE;COLLEGE;Privé;75;Paris;1306;;271;
2020;2EME CYCLE LONG PRO;LYCEE;Public;64;Pyrénées-Atlantiques;1439;;298;
2020;2EME CYCLE LONG PRO;LYCEE;Public;10;Aube;913;;304;
2020;2EME CYCLE LONG PRO;LYCEE;Public;25;Doubs;1179;;304;
2020;2EME CYCLE COURT PRO;LYCEE;Public;972;Martinique;583;;311;
2020;2EME CYCLE LONG GT;LYCEE;Public;8;Ardennes;1290;;321;
2020;2EME CYCLE LONG PRO;LYCEE;Public;49;Maine-et-Loire;1369;;333;
2020;2EME CYCLE LONG GT;LYCEE;Public;26;Drôme;2392;;357;
2020;COLLEGE;COLLEGE;Public;39;Jura;1784;;360;
2020;2EME CYCLE LONG GT;LYCEE;Public;10;Aube;1525;;373;
2020;2EME CYCLE LONG GT;LYCEE;Public;29;Finistère;2303;;381;
2020;2EME CYCLE LONG GT;LYCEE;Public;86;Vienne;1783;;417;
2020;COLLEGE;COLLEGE;Privé;93;Seine-Saint-Denis;1794;;426;
2020;2EME CYCLE LONG PRO;LYCEE;Public;72;Sarthe;1362;;430;
2020;2EME CYCLE LONG PRO;LYCEE;Public;66;Pyrénées-Orientales;1589;;456;
2020;2EME CYCLE LONG GT;LYCEE;Public;72;Sarthe;2367;;519;
2020;COLLEGE;COLLEGE;Privé;69;Rhône;2839;;521;
2020;COLLEGE;COLLEGE;Public;70;Haute-Saône;2542;;552;
2020;2EME CYCLE LONG PRO;LYCEE;Privé;13;Bouches-du-Rhône;1839;;557;
2020;2EME CYCLE LONG GT;LYCEE;Public;2;Aisne;2736;;566;
2020;2EME CYCLE COURT PRO;LYCEE;Public;62;Pas-de-Calais;1730;;621;
2020;COLLEGE;COLLEGE;Public;58;Nièvre;2118;;679;
2020;2EME CYCLE LONG PRO;LYCEE;Public;67;Bas-Rhin;2716;;734;
2020;COLLEGE;COLLEGE;Public;40;Landes;3648;;739;
2020;2EME CYCLE LONG GT;LYCEE;Public;83;Var;4357;;796;
2020;COLLEGE;COLLEGE;Public;74;Haute-Savoie;4468;;819;
2020;2EME CYCLE COURT PRO;LYCEE;Public;973;Guyane;1061;;835;
2020;2EME CYCLE LONG PRO;LYCEE;Public;91;Essonne;3769;;867;
2020;COLLEGE;COLLEGE;Public;1;Ain;5448;;999;
2020;COLLEGE;COLLEGE;Public;21;Côte-d'Or;4201;;1010;
2020;COLLEGE;COLLEGE;Public;18;Cher;3019;;1044;
2020;COLLEGE;COLLEGE;Public;22;Côtes-d'Armor;4723;;1053;
2020;2EME CYCLE LONG PRO;LYCEE;Public;94;Val-de-Marne;4361;;1095;
2020;2EME CYCLE LONG PRO;LYCEE;Public;76;Seine-Maritime;3829;;1124;
2020;COLLEGE;COLLEGE;Public;16;Charente;3597;;1200;
2020;COLLEGE;COLLEGE;Public;64;Pyrénées-Atlantiques;4742;;1279;
2020;COLLEGE;COLLEGE;Public;26;Drôme;5482;;1329;
2020;COLLEGE;COLLEGE;Public;87;Haute-Vienne;4080;;1367;
2020;COLLEGE;COLLEGE;Public;71;Saône-et-Loire;5483;;1435;
2020;2EME CYCLE LONG GT;LYCEE;Public;62;Pas-de-Calais;7759;;1509;
2020;2EME CYCLE LONG GT;LYCEE;Public;95;Val-d'Oise;7786;;1551;
2020;2EME CYCLE LONG PRO;LYCEE;Public;62;Pas-de-Calais;6379;;1719;
2020;COLLEGE;COLLEGE;Public;11;Aude;5366;;1786;
2020;COLLEGE;COLLEGE;Public;27;Eure;7324;;1794;
2020;2EME CYCLE COURT PRO;LYCEE;Public;974;La Réunion;2993;;1852;
2020;COLLEGE;COLLEGE;Public;72;Sarthe;6098;;1864;
2020;COLLEGE;COLLEGE;Public;51;Marne;6322;;2015;
2020;COLLEGE;COLLEGE;Public;45;Loiret;8514;;2058;
2020;2EME CYCLE LONG GT;LYCEE;Public;971;Guadeloupe;4775;;2078;
2020;COLLEGE;COLLEGE;Privé;59;Nord;7897;;2122;
2020;2EME CYCLE LONG PRO;LYCEE;Public;13;Bouches-du-Rhône;5834;;2167;
2020;COLLEGE;COLLEGE;Public;84;Vaucluse;8878;;2325;
2020;COLLEGE;COLLEGE;Public;78;Yvelines;11499;;2419;
2020;COLLEGE;COLLEGE;Public;66;Pyrénées-Orientales;7697;;2672;
2020;COLLEGE;COLLEGE;Public;30;Gard;10483;;3590;
2020;COLLEGE;COLLEGE;Public;77;Seine-et-Marne;15715;;3922;
2020;2EME CYCLE LONG GT;LYCEE;Public;974;La Réunion;10636;;4296;
2020;COLLEGE;COLLEGE;Public;13;Bouches-du-Rhône;30404;;11426;
2020;COLLEGE;COLLEGE;Public;976;Mayotte;15382;;12868;
2020;COLLEGE;COLLEGE;Public;974;La Réunion;30655;;17297;
2020;1ER CYCLE;LYCEE;Privé;46;Lot;0;<5;0;0
2020;2EME CYCLE COURT PRO;LYCEE;Public;130;Andorre;0;<5;0;0
2020;1ER CYCLE;LYCEE;Privé;87;Haute-Vienne;0;<5;0;0
2020;1ER CYCLE;LYCEE;Privé;91;Essonne;0;<5;0;0
2020;1ER CYCLE;LYCEE;Privé;55;Meuse;0;<5;0;0
2020;1ER CYCLE;LYCEE;Privé;60;Oise;5;;0;0
2020;1ER CYCLE;LYCEE;Public;976;Mayotte;5;;0;0
2020;1ER CYCLE;LYCEE;Privé;3;Allier;8;;0;0
2020;1ER CYCLE;LYCEE;Privé;63;Puy-de-Dôme;8;;0;0
2020;1ER CYCLE;LYCEE;Privé;48;Lozère;10;;0;0
2020;1ER CYCLE;LYCEE;Privé;61;Orne;12;;0;0
2020;1ER CYCLE;LYCEE;Privé;75;Paris;13;;0;0
2020;1ER CYCLE;LYCEE;Public;02A;Corse-du-Sud;13;;0;0
2020;1ER CYCLE;LYCEE;Public;5;Hautes-Alpes;15;;0;0
2020;1ER CYCLE;LYCEE;Privé;24;Dordogne;18;;0;0
2020;1ER CYCLE;LYCEE;Privé;73;Savoie;22;;0;0
2020;1ER CYCLE;LYCEE;Privé;71;Saône-et-Loire;23;;0;0
2020;1ER CYCLE;LYCEE;Public;46;Lot;26;;0;0
2020;1ER CYCLE;LYCEE;Public;65;Hautes-Pyrénées;36;;0;0
2020;1ER CYCLE;LYCEE;Privé;44;Loire-Atlantique;37;;0;0
2020;1ER CYCLE;LYCEE;Privé;29;Finistère;39;;0;0
2020;1ER CYCLE;LYCEE;Privé;56;Morbihan;45;;0;0
2020;1ER CYCLE;LYCEE;Privé;30;Gard;48;;0;0
2020;1ER CYCLE;LYCEE;Privé;69;Rhône;51;;0;0
2020;1ER CYCLE;LYCEE;Public;3;Allier;52;;0;0
2020;1ER CYCLE;LYCEE;Public;81;Tarn;55;;0;0
2020;1ER CYCLE;LYCEE;Public;15;Cantal;56;;0;0
2020;1ER CYCLE;LYCEE;Public;36;Indre;67;;0;0
2020;1ER CYCLE;LYCEE;Public;972;Martinique;75;;0;0
2020;1ER CYCLE;LYCEE;Public;64;Pyrénées-Atlantiques;78;;0;0
2020;1ER CYCLE;LYCEE;Public;47;Lot-et-Garonne;79;;0;0
2020;1ER CYCLE;LYCEE;Public;971;Guadeloupe;81;;0;0
2020;1ER CYCLE;LYCEE;Privé;42;Loire;93;;0;0
2020;1ER CYCLE;LYCEE;Public;89;Yonne;93;;0;0
2020;1ER CYCLE;LYCEE;Public;26;Drôme;99;;0;0
2020;1ER CYCLE;LYCEE;Public;66;Pyrénées-Orientales;141;;0;0
2020;1ER CYCLE;LYCEE;Public;31;Haute-Garonne;180;;0;0
2020;1ER CYCLE;LYCEE;Public;69;Rhône;395;;0;0
2020;2EME CYCLE COURT PRO;LYCEE;Privé;12;Aveyron;7;;0;<5
2020;1ER CYCLE;LYCEE;Public;71;Saône-et-Loire;146;;0;<5
2020;2EME CYCLE COURT PRO;LYCEE;Privé;8;Ardennes;7;;0;<5
2020;2EME CYCLE COURT PRO;LYCEE;Privé;19;Corrèze;36;;0;<5
2020;2EME CYCLE LONG GT;LYCEE;Privé;02A;Corse-du-Sud;40;;0;<5
2020;2EME CYCLE COURT PRO;LYCEE;Privé;58;Nièvre;14;;0;<5
2020;2EME CYCLE LONG PRO;LYCEE;Privé;36;Indre;21;;0;<5
2020;2EME CYCLE COURT PRO;LYCEE;Privé;80;Somme;20;;0;<5
2020;2EME CYCLE COURT PRO;LYCEE;Privé;26;Drôme;28;;0;<5
2020;2EME CYCLE LONG GT;LYCEE;Privé;55;Meuse;43;;6;
2020;2EME CYCLE LONG PRO;LYCEE;Privé;92;Hauts-de-Seine;60;;7;
2020;2EME CYCLE COURT PRO;LYCEE;Privé;972;Martinique;11;;8;
2020;2EME CYCLE COURT PRO;LYCEE;Privé;27;Eure;21;;9;
2020;2EME CYCLE LONG PRO;LYCEE;Privé;91;Essonne;37;;10;
2020;2EME CYCLE LONG PRO;LYCEE;Privé;8;Ardennes;62;;11;
2020;COLLEGE;COLLEGE;Privé;4;Alpes-de-Haute-Provence;65;;12;
2020;2EME CYCLE LONG GT;LYCEE;Privé;32;Gers;73;;12;
2020;2EME CYCLE COURT PRO;LYCEE;Privé;63;Puy-de-Dôme;74;;15;
2020;2EME CYCLE LONG GT;LYCEE;Privé;68;Haut-Rhin;194;;16;
2020;2EME CYCLE LONG GT;LYCEE;Privé;79;Deux-Sèvres;126;;17;
2020;2EME CYCLE LONG GT;LYCEE;Privé;16;Charente;119;;18;
2020;2EME CYCLE LONG GT;LYCEE;Privé;47;Lot-et-Garonne;142;;19;
2020;2EME CYCLE COURT PRO;LYCEE;Privé;1;Ain;108;;20;
2020;2EME CYCLE LONG GT;LYCEE;Privé;1;Ain;156;;20;
2020;2EME CYCLE COURT PRO;LYCEE;Privé;7;Ardèche;99;;21;
2020;2EME CYCLE COURT PRO;LYCEE;Privé;86;Vienne;47;;22;
2020;2EME CYCLE LONG PRO;LYCEE;Privé;90;Territoire de Belfort;85;;25;
2020;2EME CYCLE COURT PRO;LYCEE;Privé;64;Pyrénées-Atlantiques;99;;25;
2020;2EME CYCLE LONG GT;LYCEE;Privé;41;Loir-et-Cher;133;;25;
2020;2EME CYCLE LONG GT;LYCEE;Privé;25;Doubs;155;;25;
2020;2EME CYCLE LONG GT;LYCEE;Privé;21;Côte-d'Or;226;;26;
2020;2EME CYCLE LONG GT;LYCEE;Privé;81;Tarn;249;;26;
2020;2EME CYCLE LONG GT;LYCEE;Privé;10;Aube;128;;27;
2020;2EME CYCLE COURT PRO;LYCEE;Privé;31;Haute-Garonne;100;;28;
2020;2EME CYCLE LONG GT;LYCEE;Privé;972;Martinique;123;;28;
2020;2EME CYCLE LONG PRO;LYCEE;Privé;83;Var;156;;31;
2020;2EME CYCLE LONG PRO;LYCEE;Privé;6;Alpes-Maritimes;242;;31;
2020;COLLEGE;COLLEGE;Privé;52;Haute-Marne;148;;32;
2020;2EME CYCLE LONG PRO;LYCEE;Privé;18;Cher;135;;33;
2020;2EME CYCLE LONG PRO;LYCEE;Privé;85;Vendée;328;;33;
2020;COLLEGE;COLLEGE;Privé;90;Territoire de Belfort;135;;39;
2020;2EME CYCLE LONG PRO;LYCEE;Public;02A;Corse-du-Sud;276;;39;
2020;2EME CYCLE LONG GT;LYCEE;Privé;54;Meurthe-et-Moselle;238;;41;
2020;2EME CYCLE LONG PRO;LYCEE;Privé;22;Côtes-d'Armor;308;;41;
2020;COLLEGE;COLLEGE;Privé;70;Haute-Saône;264;;42;
2020;2EME CYCLE LONG GT;LYCEE;Privé;77;Seine-et-Marne;278;;43;
2020;2EME CYCLE LONG GT;LYCEE;Privé;14;Calvados;315;;43;
2020;2EME CYCLE COURT PRO;LYCEE;Public;58;Nièvre;130;;47;
2020;2EME CYCLE COURT PRO;LYCEE;Public;4;Alpes-de-Haute-Provence;147;;47;
2020;2EME CYCLE LONG PRO;LYCEE;Privé;71;Saône-et-Loire;239;;47;
2020;2EME CYCLE LONG GT;LYCEE;Privé;91;Essonne;333;;47;
2020;2EME CYCLE COURT PRO;LYCEE;Public;50;Manche;186;;50;
2020;2EME CYCLE LONG GT;LYCEE;Privé;92;Hauts-de-Seine;287;;50;
2020;2EME CYCLE LONG PRO;LYCEE;Privé;86;Vienne;236;;51;
2020;2EME CYCLE LONG GT;LYCEE;Privé;6;Alpes-Maritimes;347;;53;
2020;2EME CYCLE LONG GT;LYCEE;Privé;67;Bas-Rhin;335;;54;
2020;2EME CYCLE LONG GT;LYCEE;Public;02A;Corse-du-Sud;456;;55;
2020;COLLEGE;COLLEGE;Privé;3;Allier;249;;61;
2020;COLLEGE;COLLEGE;Privé;11;Aude;272;;61;
2020;2EME CYCLE LONG GT;LYCEE;Privé;85;Vendée;738;;61;
2020;2EME CYCLE COURT PRO;LYCEE;Public;1;Ain;236;;64;
2020;2EME CYCLE LONG GT;LYCEE;Privé;31;Haute-Garonne;446;;66;
2020;2EME CYCLE LONG GT;LYCEE;Privé;974;La Réunion;201;;72;
2020;COLLEGE;COLLEGE;Privé;73;Savoie;382;;75;
2020;2EME CYCLE COURT PRO;LYCEE;Public;71;Saône-et-Loire;269;;77;
2020;2EME CYCLE COURT PRO;LYCEE;Public;16;Charente;217;;84;
2020;COLLEGE;COLLEGE;Privé;78;Yvelines;482;;84;
2020;2EME CYCLE LONG GT;LYCEE;Privé;95;Val-d'Oise;498;;86;
2020;2EME CYCLE LONG GT;LYCEE;Privé;64;Pyrénées-Atlantiques;580;;86;
2020;2EME CYCLE LONG GT;LYCEE;Privé;76;Seine-Maritime;512;;96;
2020;2EME CYCLE LONG GT;LYCEE;Public;46;Lot;641;;100;
2020;COLLEGE;COLLEGE;Privé;973;Guyane;228;;103;
2020;COLLEGE;COLLEGE;Privé;47;Lot-et-Garonne;482;;105;
2020;2EME CYCLE COURT PRO;LYCEE;Public;14;Calvados;349;;107;
2020;2EME CYCLE LONG PRO;LYCEE;Public;40;Landes;737;;113;
2020;2EME CYCLE COURT PRO;LYCEE;Public;51;Marne;347;;117;
2020;COLLEGE;COLLEGE;Privé;2;Aisne;526;;117;
2020;2EME CYCLE LONG GT;LYCEE;Privé;49;Maine-et-Loire;844;;117;
2020;2EME CYCLE LONG GT;LYCEE;Public;70;Haute-Saône;826;;118;
2020;2EME CYCLE LONG PRO;LYCEE;Privé;31;Haute-Garonne;511;;124;
2020;2EME CYCLE LONG PRO;LYCEE;Public;70;Haute-Saône;586;;124;
2020;2EME CYCLE LONG PRO;LYCEE;Public;58;Nièvre;482;;125;
2020;2EME CYCLE LONG PRO;LYCEE;Public;55;Meuse;559;;130;
2020;2EME CYCLE LONG GT;LYCEE;Privé;56;Morbihan;1015;;131;
2020;2EME CYCLE COURT PRO;LYCEE;Public;84;Vaucluse;487;;138;
2020;2EME CYCLE COURT PRO;LYCEE;Public;91;Essonne;556;;139;
2020;COLLEGE;COLLEGE;Privé;53;Mayenne;901;;142;
2020;COLLEGE;COLLEGE;Privé;84;Vaucluse;904;;144;
2020;2EME CYCLE LONG PRO;LYCEE;Public;47;Lot-et-Garonne;752;;147;
2020;2EME CYCLE LONG GT;LYCEE;Public;4;Alpes-de-Haute-Provence;857;;154;
2020;2EME CYCLE COURT PRO;LYCEE;Public;83;Var;472;;157;
2020;2EME CYCLE LONG GT;LYCEE;Privé;44;Loire-Atlantique;1206;;164;
2020;2EME CYCLE LONG GT;LYCEE;Public;85;Vendée;1555;;176;
2020;2EME CYCLE LONG GT;LYCEE;Public;79;Deux-Sèvres;1091;;183;
2020;2EME CYCLE LONG PRO;LYCEE;Public;21;Côte-d'Or;894;;188;
2020;2EME CYCLE LONG GT;LYCEE;Privé;93;Seine-Saint-Denis;997;;192;
2020;COLLEGE;COLLEGE;Privé;31;Haute-Garonne;896;;194;
2020;2EME CYCLE LONG GT;LYCEE;Public;7;Ardèche;1073;;196;
2020;2EME CYCLE LONG PRO;LYCEE;Public;16;Charente;787;;203;
2020;2EME CYCLE COURT PRO;LYCEE;Public;42;Loire;466;;206;
2020;2EME CYCLE LONG GT;LYCEE;Public;22;Côtes-d'Armor;1535;;220;
2020;2EME CYCLE LONG PRO;LYCEE;Public;86;Vienne;867;;238;
2020;2EME CYCLE COURT PRO;LYCEE;Public;31;Haute-Garonne;643;;240;
2020;2EME CYCLE LONG PRO;LYCEE;Public;22;Côtes-d'Armor;1133;;245;
2020;2EME CYCLE LONG GT;LYCEE;Public;82;Tarn-et-Garonne;1427;;246;
2020;2EME CYCLE LONG GT;LYCEE;Privé;75;Paris;1206;;253;
2020;2EME CYCLE LONG PRO;LYCEE;Public;8;Ardennes;876;;266;
2020;2EME CYCLE LONG GT;LYCEE;Public;24;Dordogne;1593;;300;
2020;2EME CYCLE LONG GT;LYCEE;Public;81;Tarn;1702;;353;
2020;2EME CYCLE COURT PRO;LYCEE;Public;93;Seine-Saint-Denis;1072;;354;
2020;COLLEGE;COLLEGE;Privé;29;Finistère;2196;;370;
2020;2EME CYCLE LONG GT;LYCEE;Public;17;Charente-Maritime;2439;;395;
2020;2EME CYCLE LONG GT;LYCEE;Public;25;Doubs;2217;;405;
2020;2EME CYCLE LONG GT;LYCEE;Public;37;Indre-et-Loire;2207;;428;
2020;2EME CYCLE LONG GT;LYCEE;Public;14;Calvados;2660;;439;
2020;COLLEGE;COLLEGE;Public;90;Territoire de Belfort;1737;;492;
2020;2EME CYCLE LONG GT;LYCEE;Public;80;Somme;2484;;516;
2020;2EME CYCLE LONG PRO;LYCEE;Public;42;Loire;1856;;561;
2020;2EME CYCLE LONG PRO;LYCEE;Public;6;Alpes-Maritimes;2253;;562;
2020;2EME CYCLE LONG GT;LYCEE;Public;84;Vaucluse;3567;;655;
2020;2EME CYCLE COURT PRO;LYCEE;Public;13;Bouches-du-Rhône;1590;;737;
2020;2EME CYCLE LONG PRO;LYCEE;Public;95;Val-d'Oise;3707;;854;
2020;2EME CYCLE LONG PRO;LYCEE;Public;57;Moselle;2996;;877;
2020;2EME CYCLE LONG GT;LYCEE;Public;30;Gard;3924;;878;
2020;2EME CYCLE LONG GT;LYCEE;Public;35;Ille-et-Vilaine;4646;;972;
2020;COLLEGE;COLLEGE;Public;89;Yonne;3837;;973;
2020;2EME CYCLE LONG GT;LYCEE;Public;33;Gironde;5843;;1040;
2020;2EME CYCLE LONG PRO;LYCEE;Public;972;Martinique;2279;;1067;
2020;COLLEGE;COLLEGE;Public;3;Allier;3530;;1214;
2020;COLLEGE;COLLEGE;Public;81;Tarn;4107;;1250;
2020;COLLEGE;COLLEGE;Public;10;Aube;3944;;1320;
2020;2EME CYCLE LONG PRO;LYCEE;Public;75;Paris;4699;;1330;
2020;COLLEGE;COLLEGE;Public;17;Charente-Maritime;5706;;1350;
2020;COLLEGE;COLLEGE;Public;86;Vienne;4254;;1366;
2020;2EME CYCLE LONG PRO;LYCEE;Public;976;Mayotte;1951;;1561;
2020;COLLEGE;COLLEGE;Public;37;Indre-et-Loire;5845;;1669;
2020;COLLEGE;COLLEGE;Public;80;Somme;7099;;2120;
2020;2EME CYCLE LONG GT;LYCEE;Public;69;Rhône;9860;;2176;
2020;COLLEGE;COLLEGE;Public;2;Aisne;8035;;2396;
2020;COLLEGE;COLLEGE;Public;6;Alpes-Maritimes;10182;;2763;
2020;COLLEGE;COLLEGE;Public;92;Hauts-de-Seine;11846;;2842;
2020;2EME CYCLE LONG PRO;LYCEE;Public;59;Nord;9219;;3022;
2020;COLLEGE;COLLEGE;Public;83;Var;11187;;3169;
2020;COLLEGE;COLLEGE;Public;972;Martinique;6862;;3445;
2020;COLLEGE;COLLEGE;Public;67;Bas-Rhin;12150;;3595;
2020;2EME CYCLE LONG GT;LYCEE;Public;93;Seine-Saint-Denis;16260;;3921;
2020;COLLEGE;COLLEGE;Public;33;Gironde;15112;;4066;
2020;COLLEGE;COLLEGE;Public;69;Rhône;22094;;6308;
2020;1ER CYCLE;LYCEE;Privé;11;Aude;0;<5;0;0
2020;1ER CYCLE;LYCEE;Privé;94;Val-de-Marne;6;;0;0
2020;1ER CYCLE;LYCEE;Privé;51;Marne;8;;0;0
2020;1ER CYCLE;LYCEE;Privé;52;Haute-Marne;8;;0;0
2020;1ER CYCLE;LYCEE;Privé;21;Côte-d'Or;9;;0;0
2020;1ER CYCLE;LYCEE;Privé;43;Haute-Loire;12;;0;0
2020;1ER CYCLE;LYCEE;Privé;80;Somme;13;;0;0
2020;1ER CYCLE;LYCEE;Privé;18;Cher;18;;0;0
2020;1ER CYCLE;LYCEE;Privé;28;Eure-et-Loir;20;;0;0
2020;1ER CYCLE;LYCEE;Public;90;Territoire de Belfort;20;;0;0
2020;1ER CYCLE;LYCEE;Privé;45;Loiret;24;;0;0
2020;1ER CYCLE;LYCEE;Public;7;Ardèche;27;;0;0
2020;1ER CYCLE;LYCEE;Public;74;Haute-Savoie;30;;0;0
2020;1ER CYCLE;LYCEE;Public;55;Meuse;39;;0;0
2020;1ER CYCLE;LYCEE;Privé;38;Isère;42;;0;0
2020;1ER CYCLE;LYCEE;Privé;62;Pas-de-Calais;43;;0;0
2020;1ER CYCLE;LYCEE;Public;95;Val-d'Oise;45;;0;0
2020;1ER CYCLE;LYCEE;Public;18;Cher;51;;0;0
2020;1ER CYCLE;LYCEE;Public;40;Landes;56;;0;0
2020;1ER CYCLE;LYCEE;Public;8;Ardennes;63;;0;0
2020;1ER CYCLE;LYCEE;Public;61;Orne;68;;0;0
2020;1ER CYCLE;LYCEE;Public;11;Aude;69;;0;0
2020;1ER CYCLE;LYCEE;Public;39;Jura;69;;0;0
2020;1ER CYCLE;LYCEE;Public;60;Oise;83;;0;0
2020;1ER CYCLE;LYCEE;Public;92;Hauts-de-Seine;100;;0;0
2020;1ER CYCLE;LYCEE;Public;91;Essonne;102;;0;0
2020;1ER CYCLE;LYCEE;Public;2;Aisne;103;;0;0
2020;1ER CYCLE;LYCEE;Public;25;Doubs;103;;0;0
2020;1ER CYCLE;LYCEE;Public;1;Ain;106;;0;0
2020;1ER CYCLE;LYCEE;Public;73;Savoie;108;;0;0
2020;1ER CYCLE;LYCEE;Public;49;Maine-et-Loire;109;;0;0
2020;1ER CYCLE;LYCEE;Public;45;Loiret;120;;0;0
2020;1ER CYCLE;LYCEE;Public;79;Deux-Sèvres;120;;0;0
2020;1ER CYCLE;LYCEE;Privé;13;Bouches-du-Rhône;127;;0;0
2020;1ER CYCLE;LYCEE;Public;84;Vaucluse;135;;0;0
2020;1ER CYCLE;LYCEE;Public;68;Haut-Rhin;141;;0;0
2020;1ER CYCLE;LYCEE;Public;38;Isère;142;;0;0
2020;1ER CYCLE;LYCEE;Public;54;Meurthe-et-Moselle;215;;0;0
2020;1ER CYCLE;LYCEE;Public;59;Nord;399;;0;0
2020;1ER CYCLE;LYCEE;Privé;59;Nord;197;;0;<5
2020;2EME CYCLE LONG GT;LYCEE;Privé;4;Alpes-de-Haute-Provence;13;;0;<5
2020;2EME CYCLE COURT PRO;LYCEE;Privé;61;Orne;16;;0;<5
2020;2EME CYCLE COURT PRO;LYCEE;Privé;55;Meuse;22;;0;<5
2020;2EME CYCLE LONG GT;LYCEE;Privé;02B;Haute-Corse;22;;0;<5
2020;2EME CYCLE COURT PRO;LYCEE;Privé;41;Loir-et-Cher;19;;0;<5
2020;2EME CYCLE COURT PRO;LYCEE;Privé;79;Deux-Sèvres;34;;0;<5
2020;2EME CYCLE COURT PRO;LYCEE;Privé;81;Tarn;34;;0;<5
2020;2EME CYCLE COURT PRO;LYCEE;Privé;40;Landes;36;;0;<5
2020;2EME CYCLE COURT PRO;LYCEE;Privé;48;Lozère;21;;6;
2020;2EME CYCLE COURT PRO;LYCEE;Privé;66;Pyrénées-Orientales;32;;6;
2020;2EME CYCLE COURT PRO;LYCEE;Privé;83;Var;44;;6;
2020;2EME CYCLE LONG PRO;LYCEE;Privé;52;Haute-Marne;37;;7;
2020;2EME CYCLE COURT PRO;LYCEE;Public;48;Lozère;21;;8;
2020;2EME CYCLE COURT PRO;LYCEE;Privé;34;Hérault;33;;9;
2020;2EME CYCLE COURT PRO;LYCEE;Privé;16;Charente;36;;9;
2020;2EME CYCLE COURT PRO;LYCEE;Privé;28;Eure-et-Loir;43;;9;
2020;2EME CYCLE COURT PRO;LYCEE;Privé;70;Haute-Saône;38;;10;
2020;2EME CYCLE LONG GT;LYCEE;Privé;48;Lozère;123;;10;
2020;2EME CYCLE LONG GT;LYCEE;Privé;9;Ariège;48;;11;
2020;2EME CYCLE LONG GT;LYCEE;Privé;52;Haute-Marne;63;;11;
2020;2EME CYCLE COURT PRO;LYCEE;Privé;73;Savoie;80;;12;
2020;2EME CYCLE LONG GT;LYCEE;Privé;71;Saône-et-Loire;126;;12;
2020;2EME CYCLE LONG GT;LYCEE;Privé;40;Landes;68;;14;
2020;2EME CYCLE COURT PRO;LYCEE;Privé;62;Pas-de-Calais;68;;15;
2020;2EME CYCLE COURT PRO;LYCEE;Public;02B;Haute-Corse;69;;16;
2020;2EME CYCLE LONG PRO;LYCEE;Public;48;Lozère;92;;16;
2020;2EME CYCLE LONG GT;LYCEE;Privé;11;Aude;103;;16;
2020;2EME CYCLE LONG PRO;LYCEE;Privé;47;Lot-et-Garonne;85;;17;
2020;2EME CYCLE COURT PRO;LYCEE;Privé;85;Vendée;108;;17;
2020;2EME CYCLE COURT PRO;LYCEE;Privé;54;Meurthe-et-Moselle;59;;20;
2020;COLLEGE;COLLEGE;Privé;46;Lot;121;;21;
2020;2EME CYCLE COURT PRO;LYCEE;Privé;33;Gironde;106;;22;
2020;2EME CYCLE LONG PRO;LYCEE;Privé;39;Jura;149;;22;
2020;2EME CYCLE COURT PRO;LYCEE;Public;12;Aveyron;91;;23;
2020;COLLEGE;COLLEGE;Privé;55;Meuse;122;;23;
2020;2EME CYCLE COURT PRO;LYCEE;Public;70;Haute-Saône;86;;26;
2020;2EME CYCLE LONG PRO;LYCEE;Privé;63;Puy-de-Dôme;145;;26;
2020;2EME CYCLE LONG GT;LYCEE;Privé;83;Var;196;;26;
2020;2EME CYCLE COURT PRO;LYCEE;Public;02A;Corse-du-Sud;98;;27;
2020;2EME CYCLE LONG GT;LYCEE;Privé;50;Manche;214;;28;
2020;2EME CYCLE COURT PRO;LYCEE;Privé;49;Maine-et-Loire;106;;29;
2020;2EME CYCLE LONG GT;LYCEE;Privé;61;Orne;146;;29;
2020;COLLEGE;COLLEGE;Privé;32;Gers;173;;30;
2020;2EME CYCLE LONG PRO;LYCEE;Privé;25;Doubs;121;;31;
2020;2EME CYCLE COURT PRO;LYCEE;Public;55;Meuse;95;;33;
2020;2EME CYCLE LONG PRO;LYCEE;Privé;21;Côte-d'Or;268;;35;
2020;2EME CYCLE COURT PRO;LYCEE;Privé;14;Calvados;138;;37;
2020;2EME CYCLE LONG PRO;LYCEE;Privé;37;Indre-et-Loire;170;;37;
2020;2EME CYCLE LONG GT;LYCEE;Privé;45;Loiret;198;;39;
2020;2EME CYCLE LONG GT;LYCEE;Privé;60;Oise;238;;39;
2020;2EME CYCLE COURT PRO;LYCEE;Public;47;Lot-et-Garonne;168;;47;
2020;2EME CYCLE LONG GT;LYCEE;Privé;37;Indre-et-Loire;182;;47;
2020;COLLEGE;COLLEGE;Privé;40;Landes;225;;48;
2020;2EME CYCLE LONG PRO;LYCEE;Privé;80;Somme;247;;50;
2020;2EME CYCLE LONG GT;LYCEE;Privé;2;Aisne;248;;51;
2020;2EME CYCLE COURT PRO;LYCEE;Public;18;Cher;145;;57;
2020;2EME CYCLE LONG PRO;LYCEE;Privé;45;Loiret;316;;58;
2020;2EME CYCLE LONG PRO;LYCEE;Privé;14;Calvados;370;;59;
2020;2EME CYCLE LONG GT;LYCEE;Public;15;Cantal;414;;64;
2020;2EME CYCLE LONG PRO;LYCEE;Privé;93;Seine-Saint-Denis;271;;65;
2020;2EME CYCLE LONG GT;LYCEE;Privé;22;Côtes-d'Armor;522;;65;
2020;2EME CYCLE LONG PRO;LYCEE;Privé;64;Pyrénées-Atlantiques;372;;66;
2020;2EME CYCLE COURT PRO;LYCEE;Public;17;Charente-Maritime;276;;69;
2020;2EME CYCLE LONG GT;LYCEE;Privé;62;Pas-de-Calais;459;;69;
2020;COLLEGE;COLLEGE;Privé;25;Doubs;533;;81;
2020;2EME CYCLE COURT PRO;LYCEE;Public;11;Aude;199;;83;
2020;2EME CYCLE LONG PRO;LYCEE;Privé;29;Finistère;597;;83;
2020;2EME CYCLE LONG GT;LYCEE;Privé;94;Val-de-Marne;429;;85;
2020;2EME CYCLE COURT PRO;LYCEE;Public;22;Côtes-d'Armor;266;;86;
2020;COLLEGE;COLLEGE;Privé;972;Martinique;299;;88;
2020;2EME CYCLE LONG GT;LYCEE;Privé;33;Gironde;585;;88;
2020;2EME CYCLE LONG PRO;LYCEE;Public;32;Gers;402;;90;
2020;2EME CYCLE LONG PRO;LYCEE;Public;39;Jura;477;;90;
2020;2EME CYCLE COURT PRO;LYCEE;Public;3;Allier;219;;92;
2020;2EME CYCLE LONG GT;LYCEE;Privé;42;Loire;572;;92;
2020;COLLEGE;COLLEGE;Privé;92;Hauts-de-Seine;449;;93;
2020;COLLEGE;COLLEGE;Privé;91;Essonne;568;;107;
2020;2EME CYCLE LONG PRO;LYCEE;Privé;973;Guyane;200;;109;
2020;2EME CYCLE LONG GT;LYCEE;Public;39;Jura;804;;110;
2020;COLLEGE;COLLEGE;Privé;86;Vienne;502;;117;
2020;2EME CYCLE LONG GT;LYCEE;Privé;35;Ille-et-Vilaine;884;;119;
2020;COLLEGE;COLLEGE;Privé;57;Moselle;620;;127;
2020;2EME CYCLE COURT PRO;LYCEE;Public;35;Ille-et-Vilaine;369;;131;
2020;2EME CYCLE COURT PRO;LYCEE;Public;92;Hauts-de-Seine;470;;132;
2020;2EME CYCLE LONG PRO;LYCEE;Public;85;Vendée;724;;132;
2020;2EME CYCLE LONG GT;LYCEE;Privé;29;Finistère;1005;;136;
2020;COLLEGE;COLLEGE;Privé;50;Manche;721;;139;
2020;2EME CYCLE COURT PRO;LYCEE;Public;87;Haute-Vienne;297;;145;
2020;COLLEGE;COLLEGE;Privé;95;Val-d'Oise;879;;155;
2020;2EME CYCLE COURT PRO;LYCEE;Public;26;Drôme;435;;159;
2020;2EME CYCLE LONG PRO;LYCEE;Privé;42;Loire;814;;163;
2020;2EME CYCLE LONG GT;LYCEE;Public;58;Nièvre;796;;168;
2020;2EME CYCLE LONG GT;LYCEE;Public;40;Landes;1390;;195;
2020;2EME CYCLE COURT PRO;LYCEE;Public;2;Aisne;592;;207;
2020;2EME CYCLE COURT PRO;LYCEE;Privé;13;Bouches-du-Rhône;560;;211;
2020;2EME CYCLE LONG GT;LYCEE;Public;61;Orne;1008;;213;
2020;COLLEGE;COLLEGE;Privé;85;Vendée;1651;;216;
2020;COLLEGE;COLLEGE;Privé;34;Hérault;1122;;224;
2020;2EME CYCLE LONG PRO;LYCEE;Public;56;Morbihan;1035;;227;
2020;2EME CYCLE LONG PRO;LYCEE;Public;3;Allier;888;;255;
2020;2EME CYCLE LONG GT;LYCEE;Public;88;Vosges;1377;;276;
2020;2EME CYCLE LONG PRO;LYCEE;Public;71;Saône-et-Loire;1108;;291;
2020;2EME CYCLE LONG PRO;LYCEE;Public;14;Calvados;1413;;292;
2020;2EME CYCLE LONG GT;LYCEE;Public;56;Morbihan;1807;;295;
2020;2EME CYCLE LONG GT;LYCEE;Public;21;Côte-d'Or;1817;;301;
2020;COLLEGE;COLLEGE;Privé;62;Pas-de-Calais;1612;;313;
2020;COLLEGE;COLLEGE;Privé;35;Ille-et-Vilaine;2429;;334;
2020;COLLEGE;COLLEGE;Public;46;Lot;1400;;339;
2020;2EME CYCLE LONG PRO;LYCEE;Public;29;Finistère;1394;;348;
2020;2EME CYCLE LONG GT;LYCEE;Public;71;Saône-et-Loire;2280;;358;
2020;2EME CYCLE LONG GT;LYCEE;Public;64;Pyrénées-Atlantiques;2238;;372;
2020;COLLEGE;COLLEGE;Privé;49;Maine-et-Loire;2609;;373;
2020;COLLEGE;COLLEGE;Public;12;Aveyron;1716;;387;
2020;COLLEGE;COLLEGE;Privé;30;Gard;1448;;406;
2020;2EME CYCLE COURT PRO;LYCEE;Public;75;Paris;942;;411;
2020;COLLEGE;COLLEGE;Public;02B;Haute-Corse;1716;;413;
2020;2EME CYCLE COURT PRO;LYCEE;Public;69;Rhône;1077;;426;
2020;2EME CYCLE LONG PRO;LYCEE;Public;45;Loiret;1708;;438;
2020;COLLEGE;COLLEGE;Public;32;Gers;1665;;465;
2020;COLLEGE;COLLEGE;Privé;42;Loire;2284;;477;
2020;2EME CYCLE LONG GT;LYCEE;Public;11;Aude;2213;;492;
2020;COLLEGE;COLLEGE;Public;19;Corrèze;2161;;510;
2020;2EME CYCLE LONG PRO;LYCEE;Public;78;Yvelines;2720;;523;
2020;2EME CYCLE COURT PRO;LYCEE;Public;971;Guadeloupe;769;;527;
2020;2EME CYCLE LONG PRO;LYCEE;Public;2;Aisne;2181;;585;
2020;COLLEGE;COLLEGE;Public;73;Savoie;2951;;590;
2020;2EME CYCLE LONG PRO;LYCEE;Public;38;Isère;2522;;617;
2020;COLLEGE;COLLEGE;Public;65;Hautes-Pyrénées;2163;;625;
2020;2EME CYCLE LONG GT;LYCEE;Public;42;Loire;3397;;691;
2020;2EME CYCLE LONG PRO;LYCEE;Public;33;Gironde;3234;;702;
2020;2EME CYCLE LONG PRO;LYCEE;Public;30;Gard;2282;;707;
2020;2EME CYCLE LONG PRO;LYCEE;Public;92;Hauts-de-Seine;3067;;720;
2020;COLLEGE;COLLEGE;Public;7;Ardèche;3114;;754;
2020;COLLEGE;COLLEGE;Public;61;Orne;2807;;776;
2020;COLLEGE;COLLEGE;Public;85;Vendée;4026;;819;
2020;COLLEGE;COLLEGE;Public;50;Manche;4050;;879;
2020;2EME CYCLE LONG PRO;LYCEE;Public;31;Haute-Garonne;3126;;892;
2020;2EME CYCLE LONG GT;LYCEE;Public;38;Isère;5433;;892;
2020;COLLEGE;COLLEGE;Public;41;Loir-et-Cher;3426;;924;
2020;COLLEGE;COLLEGE;Public;24;Dordogne;4101;;1073;
2020;COLLEGE;COLLEGE;Public;88;Vosges;4204;;1253;
2020;2EME CYCLE LONG GT;LYCEE;Public;76;Seine-Maritime;6184;;1386;
2020;COLLEGE;COLLEGE;Public;29;Finistère;5580;;1399;
2020;2EME CYCLE LONG GT;LYCEE;Public;34;Hérault;7047;;1537;
2020;COLLEGE;COLLEGE;Public;14;Calvados;6511;;1606;
2020;2EME CYCLE LONG GT;LYCEE;Public;75;Paris;8700;;1873;
2020;COLLEGE;COLLEGE;Public;68;Haut-Rhin;7994;;2126;
2020;2EME CYCLE LONG PRO;LYCEE;Public;93;Seine-Saint-Denis;7667;;2216;
2020;COLLEGE;COLLEGE;Public;35;Ille-et-Vilaine;8424;;2298;
2020;COLLEGE;COLLEGE;Public;42;Loire;7951;;2458;
2020;COLLEGE;COLLEGE;Public;44;Loire-Atlantique;10164;;2752;
2020;COLLEGE;COLLEGE;Public;38;Isère;12235;;3159;
2020;COLLEGE;COLLEGE;Public;57;Moselle;11615;;3597;
2020;2EME CYCLE LONG GT;LYCEE;Public;976;Mayotte;6023;;4392;
2020;COLLEGE;COLLEGE;Public;62;Pas-de-Calais;23605;;6926;
2020;COLLEGE;COLLEGE;Public;93;Seine-Saint-Denis;35605;;10522;
2020;1ER CYCLE;LYCEE;Privé;17;Charente-Maritime;0;<5;0;0
2020;1ER CYCLE;LYCEE;Privé;58;Nièvre;0;<5;0;0
2020;2EME CYCLE LONG GT;LYCEE;Public;130;Andorre;0;<5;0;0
2020;1ER CYCLE;LYCEE;Privé;4;Alpes-de-Haute-Provence;5;;0;0
2020;1ER CYCLE;LYCEE;Privé;25;Doubs;5;;0;0
2020;1ER CYCLE;LYCEE;Privé;39;Jura;6;;0;0
2020;1ER CYCLE;LYCEE;Privé;8;Ardennes;7;;0;0
2020;2EME CYCLE COURT PRO;LYCEE;Privé;78;Yvelines;8;;0;0
2020;1ER CYCLE;LYCEE;Privé;2;Aisne;12;;0;0
2020;1ER CYCLE;LYCEE;Privé;27;Eure;12;;0;0
2020;1ER CYCLE;LYCEE;Privé;41;Loir-et-Cher;12;;0;0
2020;1ER CYCLE;LYCEE;Privé;22;Côtes-d'Armor;15;;0;0
2020;1ER CYCLE;LYCEE;Privé;65;Hautes-Pyrénées;17;;0;0
2020;1ER CYCLE;LYCEE;Privé;83;Var;19;;0;0
2020;1ER CYCLE;LYCEE;Privé;12;Aveyron;20;;0;0
2020;1ER CYCLE;LYCEE;Privé;54;Meurthe-et-Moselle;23;;0;0
2020;1ER CYCLE;LYCEE;Public;23;Creuse;24;;0;0
2020;1ER CYCLE;LYCEE;Privé;95;Val-d'Oise;25;;0;0
2020;1ER CYCLE;LYCEE;Privé;57;Moselle;28;;0;0
2020;1ER CYCLE;LYCEE;Privé;64;Pyrénées-Atlantiques;32;;0;0
2020;1ER CYCLE;LYCEE;Privé;7;Ardèche;33;;0;0
2020;1ER CYCLE;LYCEE;Public;58;Nièvre;37;;0;0
2020;1ER CYCLE;LYCEE;Privé;76;Seine-Maritime;41;;0;0
2020;1ER CYCLE;LYCEE;Public;56;Morbihan;47;;0;0
2020;1ER CYCLE;LYCEE;Public;12;Aveyron;52;;0;0
2020;1ER CYCLE;LYCEE;Public;4;Alpes-de-Haute-Provence;55;;0;0
2020;1ER CYCLE;LYCEE;Public;87;Haute-Vienne;59;;0;0
2020;1ER CYCLE;LYCEE;Public;52;Haute-Marne;61;;0;0
2020;1ER CYCLE;LYCEE;Public;77;Seine-et-Marne;77;;0;0
2020;1ER CYCLE;LYCEE;Public;16;Charente;102;;0;0
2020;1ER CYCLE;LYCEE;Public;21;Côte-d'Or;110;;0;0
2020;1ER CYCLE;LYCEE;Public;33;Gironde;112;;0;0
2020;1ER CYCLE;LYCEE;Public;63;Puy-de-Dôme;154;;0;0
2020;1ER CYCLE;LYCEE;Public;72;Sarthe;159;;0;0
2020;1ER CYCLE;LYCEE;Public;14;Calvados;164;;0;0
2020;1ER CYCLE;LYCEE;Public;67;Bas-Rhin;166;;0;0
2020;1ER CYCLE;LYCEE;Public;76;Seine-Maritime;290;;0;0
2020;2EME CYCLE COURT PRO;LYCEE;Privé;93;Seine-Saint-Denis;5;;0;<5
2020;2EME CYCLE COURT PRO;LYCEE;Privé;5;Hautes-Alpes;8;;0;<5
2020;2EME CYCLE COURT PRO;LYCEE;Privé;52;Haute-Marne;8;;0;<5
2020;2EME CYCLE LONG GT;LYCEE;Privé;36;Indre;21;;0;<5
2020;2EME CYCLE LONG PRO;LYCEE;Privé;5;Hautes-Alpes;28;;0;<5
2020;1ER CYCLE;LYCEE;Privé;1;Ain;25;;0;<5
2020;2EME CYCLE COURT PRO;LYCEE;Privé;89;Yonne;29;;0;<5
2020;2EME CYCLE LONG GT;LYCEE;Privé;5;Hautes-Alpes;28;;5;
2020;2EME CYCLE COURT PRO;LYCEE;Privé;974;La Réunion;9;;6;
2020;2EME CYCLE COURT PRO;LYCEE;Privé;90;Territoire de Belfort;16;;6;
2020;2EME CYCLE COURT PRO;LYCEE;Privé;25;Doubs;45;;6;
2020;2EME CYCLE LONG PRO;LYCEE;Privé;17;Charente-Maritime;47;;6;
2020;2EME CYCLE LONG GT;LYCEE;Privé;15;Cantal;55;;6;
2020;2EME CYCLE COURT PRO;LYCEE;Privé;45;Loiret;51;;8;
2020;2EME CYCLE COURT PRO;LYCEE;Privé;50;Manche;17;;9;
2020;2EME CYCLE COURT PRO;LYCEE;Privé;67;Bas-Rhin;26;;9;
2020;COLLEGE;COLLEGE;Privé;02A;Corse-du-Sud;38;;9;
2020;2EME CYCLE COURT PRO;LYCEE;Privé;60;Oise;53;;9;
2020;2EME CYCLE LONG PRO;LYCEE;Privé;46;Lot;63;;9;
2020;2EME CYCLE COURT PRO;LYCEE;Privé;3;Allier;27;;10;
2020;2EME CYCLE LONG GT;LYCEE;Privé;8;Ardennes;65;;10;
2020;COLLEGE;COLLEGE;Privé;02B;Haute-Corse;32;;11;
2020;2EME CYCLE LONG PRO;LYCEE;Privé;40;Landes;79;;11;
2020;COLLEGE;COLLEGE;Privé;5;Hautes-Alpes;81;;12;
2020;2EME CYCLE LONG GT;LYCEE;Privé;27;Eure;91;;13;
2020;2EME CYCLE LONG GT;LYCEE;Privé;82;Tarn-et-Garonne;106;;14;
2020;2EME CYCLE LONG PRO;LYCEE;Privé;60;Oise;100;;15;
2020;2EME CYCLE LONG PRO;LYCEE;Privé;77;Seine-et-Marne;130;;16;
2020;2EME CYCLE COURT PRO;LYCEE;Privé;88;Vosges;68;;17;
2020;2EME CYCLE LONG PRO;LYCEE;Privé;16;Charente;99;;17;
2020;2EME CYCLE LONG PRO;LYCEE;Privé;48;Lozère;154;;17;
2020;2EME CYCLE LONG PRO;LYCEE;Privé;50;Manche;154;;17;
2020;2EME CYCLE LONG GT;LYCEE;Privé;88;Vosges;127;;18;
2020;2EME CYCLE LONG PRO;LYCEE;Privé;67;Bas-Rhin;129;;18;
2020;2EME CYCLE LONG PRO;LYCEE;Privé;73;Savoie;176;;18;
2020;2EME CYCLE COURT PRO;LYCEE;Privé;35;Ille-et-Vilaine;79;;19;
2020;2EME CYCLE LONG GT;LYCEE;Privé;53;Mayenne;264;;19;
2020;2EME CYCLE COURT PRO;LYCEE;Privé;57;Moselle;110;;22;
2020;2EME CYCLE LONG GT;LYCEE;Privé;973;Guyane;39;;23;
2020;2EME CYCLE LONG PRO;LYCEE;Privé;70;Haute-Saône;93;;23;
2020;2EME CYCLE LONG PRO;LYCEE;Privé;66;Pyrénées-Orientales;100;;23;
2020;2EME CYCLE COURT PRO;LYCEE;Privé;72;Sarthe;108;;23;
2020;2EME CYCLE COURT PRO;LYCEE;Privé;976;Mayotte;30;;24;
2020;2EME CYCLE COURT PRO;LYCEE;Public;52;Haute-Marne;92;;26;
2020;2EME CYCLE LONG PRO;LYCEE;Privé;43;Haute-Loire;146;;26;
2020;2EME CYCLE COURT PRO;LYCEE;Public;90;Territoire de Belfort;78;;27;
2020;COLLEGE;COLLEGE;Privé;58;Nièvre;126;;27;
2020;2EME CYCLE LONG PRO;LYCEE;Privé;26;Drôme;224;;30;
2020;2EME CYCLE LONG GT;LYCEE;Privé;74;Haute-Savoie;260;;30;
2020;2EME CYCLE LONG GT;LYCEE;Privé;43;Haute-Loire;263;;31;
2020;2EME CYCLE LONG PRO;LYCEE;Privé;3;Allier;141;;32;
2020;COLLEGE;COLLEGE;Privé;48;Lozère;195;;32;
2020;2EME CYCLE LONG PRO;LYCEE;Privé;27;Eure;166;;33;
2020;2EME CYCLE LONG GT;LYCEE;Privé;26;Drôme;284;;33;
2020;COLLEGE;COLLEGE;Privé;87;Haute-Vienne;167;;38;
2020;2EME CYCLE LONG GT;LYCEE;Privé;12;Aveyron;304;;38;
2020;2EME CYCLE COURT PRO;LYCEE;Public;23;Creuse;128;;39;
2020;2EME CYCLE LONG PRO;LYCEE;Privé;38;Isère;340;;40;
2020;2EME CYCLE COURT PRO;LYCEE;Public;36;Indre;95;;42;
2020;COLLEGE;COLLEGE;Privé;18;Cher;181;;44;
2020;2EME CYCLE LONG PRO;LYCEE;Privé;2;Aisne;225;;44;
2020;2EME CYCLE LONG GT;LYCEE;Privé;63;Puy-de-Dôme;296;;45;
2020;2EME CYCLE COURT PRO;LYCEE;Public;39;Jura;133;;46;
2020;2EME CYCLE COURT PRO;LYCEE;Public;89;Yonne;149;;46;
2020;2EME CYCLE LONG PRO;LYCEE;Public;23;Creuse;230;;46;
2020;2EME CYCLE LONG PRO;LYCEE;Public;15;Cantal;261;;46;
2020;2EME CYCLE COURT PRO;LYCEE;Public;28;Eure-et-Loir;164;;54;
2020;2EME CYCLE LONG PRO;LYCEE;Privé;84;Vaucluse;252;;55;
2020;2EME CYCLE LONG PRO;LYCEE;Public;5;Hautes-Alpes;353;;56;
2020;2EME CYCLE LONG PRO;LYCEE;Privé;75;Paris;321;;61;
2020;2EME CYCLE LONG PRO;LYCEE;Public;46;Lot;327;;66;
2020;2EME CYCLE LONG PRO;LYCEE;Public;02B;Haute-Corse;373;;68;
2020;2EME CYCLE LONG GT;LYCEE;Public;5;Hautes-Alpes;526;;70;
2020;COLLEGE;COLLEGE;Privé;24;Dordogne;382;;72;
2020;COLLEGE;COLLEGE;Privé;77;Seine-et-Marne;364;;73;
2020;2EME CYCLE LONG PRO;LYCEE;Public;19;Corrèze;457;;88;
2020;COLLEGE;COLLEGE;Privé;65;Hautes-Pyrénées;376;;89;
2020;2EME CYCLE COURT PRO;LYCEE;Privé;42;Loire;304;;94;
2020;COLLEGE;COLLEGE;Privé;68;Haut-Rhin;558;;94;
2020;COLLEGE;COLLEGE;Privé;37;Indre-et-Loire;469;;96;
2020;2EME CYCLE LONG GT;LYCEE;Public;12;Aveyron;679;;96;
2020;COLLEGE;COLLEGE;Privé;45;Loiret;503;;98;
2020;2EME CYCLE LONG PRO;LYCEE;Public;53;Mayenne;504;;98;
2020;2EME CYCLE COURT PRO;LYCEE;Public;78;Yvelines;415;;100;
2020;2EME CYCLE LONG GT;LYCEE;Public;43;Haute-Loire;669;;108;
2020;2EME CYCLE COURT PRO;LYCEE;Public;88;Vosges;252;;110;
2020;2EME CYCLE COURT PRO;LYCEE;Public;8;Ardennes;294;;113;
2020;COLLEGE;COLLEGE;Privé;12;Aveyron;677;;113;
2020;2EME CYCLE COURT PRO;LYCEE;Public;29;Finistère;253;;117;
2020;2EME CYCLE COURT PRO;LYCEE;Public;6;Alpes-Maritimes;405;;119;
2020;2EME CYCLE LONG GT;LYCEE;Public;53;Mayenne;860;;119;
2020;COLLEGE;COLLEGE;Privé;7;Ardèche;718;;120;
2020;2EME CYCLE LONG PRO;LYCEE;Public;9;Ariège;461;;127;
2020;COLLEGE;COLLEGE;Privé;63;Puy-de-Dôme;656;;128;
2020;2EME CYCLE COURT PRO;LYCEE;Public;66;Pyrénées-Orientales;364;;142;
2020;COLLEGE;COLLEGE;Privé;51;Marne;725;;142;
2020;COLLEGE;COLLEGE;Privé;66;Pyrénées-Orientales;533;;145;
2020;2EME CYCLE COURT PRO;LYCEE;Public;45;Loiret;349;;146;
2020;2EME CYCLE LONG PRO;LYCEE;Public;41;Loir-et-Cher;625;;146;
2020;COLLEGE;COLLEGE;Privé;26;Drôme;810;;147;
2020;COLLEGE;COLLEGE;Privé;54;Meurthe-et-Moselle;546;;149;
2020;2EME CYCLE LONG PRO;LYCEE;Privé;971;Guadeloupe;297;;154;
2020;2EME CYCLE LONG GT;LYCEE;Public;9;Ariège;774;;158;
2020;2EME CYCLE LONG GT;LYCEE;Public;02B;Haute-Corse;910;;159;
2020;2EME CYCLE COURT PRO;LYCEE;Public;80;Somme;511;;160;
2020;2EME CYCLE LONG PRO;LYCEE;Public;61;Orne;666;;161;
2020;2EME CYCLE LONG PRO;LYCEE;Public;89;Yonne;715;;165;
2020;2EME CYCLE LONG GT;LYCEE;Public;65;Hautes-Pyrénées;903;;165;
2020;2EME CYCLE LONG PRO;LYCEE;Public;24;Dordogne;820;;168;
2020;COLLEGE;COLLEGE;Public;02A;Corse-du-Sud;1091;;204;
2020;2EME CYCLE LONG GT;LYCEE;Privé;69;Rhône;1364;;210;
2020;2EME CYCLE COURT PRO;LYCEE;Public;68;Haut-Rhin;584;;211;
2020;COLLEGE;COLLEGE;Privé;33;Gironde;1036;;211;
2020;COLLEGE;COLLEGE;Privé;72;Sarthe;1123;;222;
2020;2EME CYCLE LONG GT;LYCEE;Public;16;Charente;1243;;224;
2020;2EME CYCLE COURT PRO;LYCEE;Public;44;Loire-Atlantique;672;;230;
2020;2EME CYCLE LONG PRO;LYCEE;Public;18;Cher;823;;231;
2020;2EME CYCLE COURT PRO;LYCEE;Public;33;Gironde;781;;235;
2020;2EME CYCLE LONG GT;LYCEE;Public;50;Manche;1555;;238;
2020;COLLEGE;COLLEGE;Privé;971;Guadeloupe;539;;244;
2020;2EME CYCLE COURT PRO;LYCEE;Public;67;Bas-Rhin;689;;244;
2020;2EME CYCLE LONG GT;LYCEE;Public;47;Lot-et-Garonne;1560;;258;
2020;2EME CYCLE LONG GT;LYCEE;Public;89;Yonne;1487;;259;
2020;COLLEGE;COLLEGE;Public;15;Cantal;1035;;262;
2020;2EME CYCLE LONG PRO;LYCEE;Public;81;Tarn;998;;263;
2020;2EME CYCLE LONG PRO;LYCEE;Public;26;Drôme;1214;;278;
2020;COLLEGE;COLLEGE;Privé;76;Seine-Maritime;1294;;282;
2020;2EME CYCLE COURT PRO;LYCEE;Public;34;Hérault;827;;315;
2020;2EME CYCLE LONG PRO;LYCEE;Public;87;Haute-Vienne;1029;;323;
2020;2EME CYCLE LONG GT;LYCEE;Privé;13;Bouches-du-Rhône;1391;;323;
2020;2EME CYCLE LONG PRO;LYCEE;Public;51;Marne;1506;;425;
2020;2EME CYCLE LONG PRO;LYCEE;Public;84;Vaucluse;1889;;451;
2020;2EME CYCLE LONG GT;LYCEE;Public;27;Eure;2518;;452;
2020;COLLEGE;COLLEGE;Public;4;Alpes-de-Haute-Provence;1848;;454;
2020;COLLEGE;COLLEGE;Privé;56;Morbihan;2717;;456;
2020;COLLEGE;COLLEGE;Public;53;Mayenne;2231;;464;
2020;COLLEGE;COLLEGE;Privé;44;Loire-Atlantique;2854;;476;
2020;COLLEGE;COLLEGE;Public;9;Ariège;1737;;486;
2020;2EME CYCLE LONG PRO;LYCEE;Public;60;Oise;2184;;489;
2020;2EME CYCLE LONG GT;LYCEE;Public;63;Puy-de-Dôme;2525;;495;
2020;2EME CYCLE LONG GT;LYCEE;Public;51;Marne;2369;;529;
2020;2EME CYCLE COURT PRO;LYCEE;Public;976;Mayotte;683;;580;
2020;2EME CYCLE LONG PRO;LYCEE;Public;83;Var;2285;;583;
2020;2EME CYCLE LONG GT;LYCEE;Public;45;Loiret;3489;;669;
2020;2EME CYCLE LONG PRO;LYCEE;Privé;59;Nord;2723;;692;
2020;2EME CYCLE LONG GT;LYCEE;Privé;59;Nord;3357;;722;
2020;COLLEGE;COLLEGE;Public;36;Indre;2441;;736;
2020;2EME CYCLE LONG GT;LYCEE;Public;78;Yvelines;5030;;796;
2020;2EME CYCLE LONG GT;LYCEE;Public;44;Loire-Atlantique;4224;;818;
2020;2EME CYCLE LONG PRO;LYCEE;Public;34;Hérault;3446;;885;
2020;2EME CYCLE LONG GT;LYCEE;Public;57;Moselle;4644;;936;
2020;2EME CYCLE LONG GT;LYCEE;Public;92;Hauts-de-Seine;5980;;1147;
2020;2EME CYCLE LONG GT;LYCEE;Public;77;Seine-et-Marne;7120;;1370;
2020;2EME CYCLE LONG PRO;LYCEE;Public;973;Guyane;2245;;1582;
2020;2EME CYCLE LONG GT;LYCEE;Public;94;Val-de-Marne;7596;;1582;
2020;COLLEGE;COLLEGE;Public;49;Maine-et-Loire;6298;;1704;
2020;2EME CYCLE LONG PRO;LYCEE;Public;971;Guadeloupe;3130;;1814;
2020;COLLEGE;COLLEGE;Public;63;Puy-de-Dôme;6290;;1966;
2020;COLLEGE;COLLEGE;Public;60;Oise;9482;;2404;
2020;COLLEGE;COLLEGE;Public;54;Meurthe-et-Moselle;7597;;2561;
2020;2EME CYCLE LONG GT;LYCEE;Public;59;Nord;13059;;3204;
2020;2EME CYCLE LONG GT;LYCEE;Public;13;Bouches-du-Rhône;11823;;3376;
2020;COLLEGE;COLLEGE;Public;75;Paris;15415;;4085;
2020;2EME CYCLE LONG PRO;LYCEE;Public;974;La Réunion;7736;;4167;
2020;COLLEGE;COLLEGE;Public;95;Val-d'Oise;17666;;4412;
2020;COLLEGE;COLLEGE;Public;34;Hérault;15243;;4654;
2020;COLLEGE;COLLEGE;Public;973;Guyane;10536;;7689;
2020;1ER CYCLE;LYCEE;Privé;78;Yvelines;0;<5;0;0
2020;1ER CYCLE;LYCEE;Public;973;Guyane;0;<5;0;0
2020;1ER CYCLE;LYCEE;Privé;15;Cantal;0;<5;0;0
2020;1ER CYCLE;LYCEE;Privé;16;Charente;0;<5;0;0
2020;1ER CYCLE;LYCEE;Privé;976;Mayotte;0;<5;0;0
2020;1ER CYCLE;LYCEE;Privé;90;Territoire de Belfort;0;<5;0;0
2020;2EME CYCLE COURT PRO;LYCEE;Privé;46;Lot;0;<5;0;0
2020;2EME CYCLE COURT PRO;LYCEE;Privé;77;Seine-et-Marne;5;;0;0
2020;1ER CYCLE;LYCEE;Privé;971;Guadeloupe;6;;0;0
2020;1ER CYCLE;LYCEE;Privé;53;Mayenne;7;;0;0
2020;1ER CYCLE;LYCEE;Privé;77;Seine-et-Marne;7;;0;0
2020;2EME CYCLE LONG PRO;LYCEE;Public;130;Andorre;7;;0;0
2020;1ER CYCLE;LYCEE;Privé;37;Indre-et-Loire;8;;0;0
2020;2EME CYCLE COURT PRO;LYCEE;Privé;39;Jura;11;;0;0
2020;1ER CYCLE;LYCEE;Privé;26;Drôme;12;;0;0
2020;1ER CYCLE;LYCEE;Public;48;Lozère;12;;0;0
2020;1ER CYCLE;LYCEE;Privé;40;Landes;14;;0;0
2020;1ER CYCLE;LYCEE;Privé;5;Hautes-Alpes;15;;0;0
2020;1ER CYCLE;LYCEE;Privé;86;Vienne;17;;0;0
2020;1ER CYCLE;LYCEE;Privé;88;Vosges;17;;0;0
2020;1ER CYCLE;LYCEE;Privé;10;Aube;18;;0;0
2020;1ER CYCLE;LYCEE;Privé;85;Vendée;21;;0;0
2020;1ER CYCLE;LYCEE;Privé;31;Haute-Garonne;23;;0;0
2020;1ER CYCLE;LYCEE;Privé;50;Manche;23;;0;0
2020;1ER CYCLE;LYCEE;Privé;66;Pyrénées-Orientales;29;;0;0
2020;1ER CYCLE;LYCEE;Public;82;Tarn-et-Garonne;29;;0;0
2020;1ER CYCLE;LYCEE;Privé;74;Haute-Savoie;30;;0;0
2020;1ER CYCLE;LYCEE;Privé;49;Maine-et-Loire;35;;0;0
2020;1ER CYCLE;LYCEE;Public;6;Alpes-Maritimes;45;;0;0
2020;1ER CYCLE;LYCEE;Public;22;Côtes-d'Armor;54;;0;0
2020;1ER CYCLE;LYCEE;Public;78;Yvelines;66;;0;0
2020;1ER CYCLE;LYCEE;Public;28;Eure-et-Loir;77;;0;0
2020;1ER CYCLE;LYCEE;Public;51;Marne;79;;0;0
2020;1ER CYCLE;LYCEE;Public;85;Vendée;95;;0;0
2020;1ER CYCLE;LYCEE;Public;17;Charente-Maritime;99;;0;0
2020;1ER CYCLE;LYCEE;Public;86;Vienne;123;;0;0
2020;1ER CYCLE;LYCEE;Public;94;Val-de-Marne;123;;0;0
2020;1ER CYCLE;LYCEE;Public;35;Ille-et-Vilaine;157;;0;0
2020;1ER CYCLE;LYCEE;Public;13;Bouches-du-Rhône;226;;0;0
2020;1ER CYCLE;LYCEE;Public;75;Paris;246;;0;0
2020;2EME CYCLE LONG PRO;LYCEE;Privé;32;Gers;14;;0;<5
2020;2EME CYCLE COURT PRO;LYCEE;Privé;92;Hauts-de-Seine;16;;0;<5
2020;2EME CYCLE COURT PRO;LYCEE;Privé;47;Lot-et-Garonne;13;;0;<5
2020;2EME CYCLE COURT PRO;LYCEE;Privé;95;Val-d'Oise;27;;0;<5
2020;2EME CYCLE COURT PRO;LYCEE;Privé;15;Cantal;9;;0;<5
2020;2EME CYCLE COURT PRO;LYCEE;Privé;21;Côte-d'Or;20;;0;<5
2020;2EME CYCLE COURT PRO;LYCEE;Privé;51;Marne;25;;5;
2020;2EME CYCLE LONG PRO;LYCEE;Privé;89;Yonne;50;;6;
2020;2EME CYCLE COURT PRO;LYCEE;Privé;53;Mayenne;40;;8;
2020;2EME CYCLE LONG GT;LYCEE;Privé;46;Lot;77;;8;
2020;2EME CYCLE COURT PRO;LYCEE;Privé;68;Haut-Rhin;44;;9;
2020;2EME CYCLE COURT PRO;LYCEE;Privé;43;Haute-Loire;57;;9;
2020;2EME CYCLE LONG GT;LYCEE;Privé;28;Eure-et-Loir;68;;9;
2020;2EME CYCLE COURT PRO;LYCEE;Privé;65;Hautes-Pyrénées;26;;10;
2020;2EME CYCLE LONG PRO;LYCEE;Privé;15;Cantal;68;;11;
2020;2EME CYCLE LONG PRO;LYCEE;Privé;82;Tarn-et-Garonne;68;;11;
2020;2EME CYCLE COURT PRO;LYCEE;Privé;37;Indre-et-Loire;29;;12;
2020;COLLEGE;COLLEGE;Privé;36;Indre;81;;12;
2020;2EME CYCLE COURT PRO;LYCEE;Privé;74;Haute-Savoie;85;;12;
2020;COLLEGE;COLLEGE;Privé;15;Cantal;127;;13;
2020;2EME CYCLE LONG GT;LYCEE;Privé;89;Yonne;82;;14;
2020;2EME CYCLE COURT PRO;LYCEE;Privé;87;Haute-Vienne;47;;15;
2020;2EME CYCLE LONG PRO;LYCEE;Privé;53;Mayenne;173;;16;
2020;2EME CYCLE LONG GT;LYCEE;Privé;19;Corrèze;89;;17;
2020;2EME CYCLE COURT PRO;LYCEE;Privé;22;Côtes-d'Armor;99;;17;
2020;2EME CYCLE LONG PRO;LYCEE;Privé;79;Deux-Sèvres;118;;18;
2020;2EME CYCLE COURT PRO;LYCEE;Privé;2;Aisne;76;;19;
2020;2EME CYCLE COURT PRO;LYCEE;Public;15;Cantal;49;;20;
2020;2EME CYCLE COURT PRO;LYCEE;Public;5;Hautes-Alpes;69;;20;
2020;2EME CYCLE LONG GT;LYCEE;Privé;24;Dordogne;134;;20;
2020;2EME CYCLE LONG PRO;LYCEE;Privé;12;Aveyron;140;;21;
2020;2EME CYCLE LONG PRO;LYCEE;Privé;61;Orne;135;;23;
2020;2EME CYCLE LONG PRO;LYCEE;Privé;24;Dordogne;146;;23;
2020;2EME CYCLE LONG GT;LYCEE;Privé;73;Savoie;153;;24;
2020;2EME CYCLE LONG GT;LYCEE;Privé;65;Hautes-Pyrénées;156;;24;
2020;2EME CYCLE LONG GT;LYCEE;Privé;78;Yvelines;219;;24;
2020;COLLEGE;COLLEGE;Privé;19;Corrèze;175;;25;
2020;2EME CYCLE COURT PRO;LYCEE;Privé;971;Guadeloupe;43;;28;
2020;2EME CYCLE LONG PRO;LYCEE;Privé;11;Aude;134;;29;
2020;COLLEGE;COLLEGE;Privé;89;Yonne;186;;33;
2020;2EME CYCLE COURT PRO;LYCEE;Public;43;Haute-Loire;81;;34;
2020;COLLEGE;COLLEGE;Privé;8;Ardennes;218;;35;
2020;2EME CYCLE COURT PRO;LYCEE;Public;9;Ariège;90;;38;
2020;2EME CYCLE LONG PRO;LYCEE;Privé;34;Hérault;228;;38;
2020;2EME CYCLE LONG PRO;LYCEE;Privé;28;Eure-et-Loir;169;;39;
2020;2EME CYCLE LONG PRO;LYCEE;Privé;7;Ardèche;307;;39;
2020;2EME CYCLE LONG PRO;LYCEE;Privé;74;Haute-Savoie;335;;42;
2020;2EME CYCLE LONG GT;LYCEE;Privé;7;Ardèche;398;;44;
2020;2EME CYCLE COURT PRO;LYCEE;Privé;30;Gard;144;;45;
2020;2EME CYCLE LONG GT;LYCEE;Privé;38;Isère;388;;45;
2020;2EME CYCLE LONG GT;LYCEE;Privé;84;Vaucluse;398;;46;
2020;2EME CYCLE LONG PRO;LYCEE;Privé;88;Vosges;204;;47;
2020;2EME CYCLE COURT PRO;LYCEE;Public;7;Ardèche;166;;51;
2020;2EME CYCLE LONG PRO;LYCEE;Privé;95;Val-d'Oise;225;;51;
2020;2EME CYCLE COURT PRO;LYCEE;Public;74;Haute-Savoie;182;;53;
2020;2EME CYCLE COURT PRO;LYCEE;Public;85;Vendée;212;;53;
2020;2EME CYCLE LONG GT;LYCEE;Privé;72;Sarthe;277;;53;
2020;2EME CYCLE COURT PRO;LYCEE;Public;24;Dordogne;181;;54;
2020;2EME CYCLE COURT PRO;LYCEE;Public;40;Landes;210;;54;
2020;2EME CYCLE LONG PRO;LYCEE;Public;12;Aveyron;413;;59;
2020;2EME CYCLE LONG PRO;LYCEE;Privé;72;Sarthe;293;;60;
2020;COLLEGE;COLLEGE;Privé;39;Jura;385;;61;
2020;COLLEGE;COLLEGE;Privé;17;Charente-Maritime;319;;62;
2020;COLLEGE;COLLEGE;Privé;79;Deux-Sèvres;474;;63;
2020;2EME CYCLE COURT PRO;LYCEE;Privé;69;Rhône;301;;66;
2020;COLLEGE;COLLEGE;Privé;1;Ain;481;;66;
2020;2EME CYCLE COURT PRO;LYCEE;Public;56;Morbihan;252;;68;
2020;COLLEGE;COLLEGE;Privé;27;Eure;351;;68;
2020;2EME CYCLE LONG PRO;LYCEE;Privé;35;Ille-et-Vilaine;525;;68;
2020;2EME CYCLE COURT PRO;LYCEE;Public;79;Deux-Sèvres;192;;69;
2020;2EME CYCLE LONG GT;LYCEE;Privé;971;Guadeloupe;193;;74;
2020;2EME CYCLE LONG PRO;LYCEE;Public;43;Haute-Loire;285;;74;
2020;2EME CYCLE LONG PRO;LYCEE;Privé;62;Pas-de-Calais;447;;79;
2020;2EME CYCLE COURT PRO;LYCEE;Public;37;Indre-et-Loire;225;;81;
2020;2EME CYCLE LONG PRO;LYCEE;Privé;974;La Réunion;142;;83;
2020;COLLEGE;COLLEGE;Privé;83;Var;445;;83;
2020;2EME CYCLE COURT PRO;LYCEE;Public;81;Tarn;204;;89;
2020;2EME CYCLE COURT PRO;LYCEE;Public;10;Aube;242;;90;
2020;2EME CYCLE COURT PRO;LYCEE;Public;27;Eure;301;;91;
2020;COLLEGE;COLLEGE;Privé;41;Loir-et-Cher;431;;91;
2020;COLLEGE;COLLEGE;Privé;10;Aube;407;;95;
2020;COLLEGE;COLLEGE;Privé;61;Orne;496;;97;
2020;2EME CYCLE COURT PRO;LYCEE;Public;49;Maine-et-Loire;322;;103;
2020;2EME CYCLE LONG GT;LYCEE;Public;32;Gers;640;;106;
2020;2EME CYCLE LONG PRO;LYCEE;Public;90;Territoire de Belfort;412;;114;
2020;2EME CYCLE LONG GT;LYCEE;Privé;30;Gard;577;;119;
2020;2EME CYCLE LONG PRO;LYCEE;Privé;56;Morbihan;671;;120;
2020;2EME CYCLE COURT PRO;LYCEE;Public;25;Doubs;291;;121;
2020;COLLEGE;COLLEGE;Privé;81;Tarn;592;;122;
2020;2EME CYCLE LONG PRO;LYCEE;Public;52;Haute-Marne;493;;124;
2020;2EME CYCLE LONG GT;LYCEE;Public;52;Haute-Marne;670;;129;
2020;2EME CYCLE LONG PRO;LYCEE;Privé;69;Rhône;785;;131;
2020;2EME CYCLE LONG PRO;LYCEE;Privé;44;Loire-Atlantique;710;;132;
2020;2EME CYCLE LONG PRO;LYCEE;Public;73;Savoie;753;;133;
2020;2EME CYCLE LONG PRO;LYCEE;Public;82;Tarn-et-Garonne;668;;135;
2020;2EME CYCLE LONG GT;LYCEE;Public;90;Territoire de Belfort;677;;140;
2020;2EME CYCLE LONG PRO;LYCEE;Public;79;Deux-Sèvres;538;;141;
2020;2EME CYCLE LONG GT;LYCEE;Public;73;Savoie;1243;;141;
2020;2EME CYCLE COURT PRO;LYCEE;Privé;59;Nord;550;;142;
2020;COLLEGE;COLLEGE;Public;48;Lozère;614;;144;
2020;2EME CYCLE LONG PRO;LYCEE;Public;7;Ardèche;731;;144;
2020;2EME CYCLE COURT PRO;LYCEE;Public;72;Sarthe;354;;152;
2020;COLLEGE;COLLEGE;Privé;80;Somme;793;;160;
2020;2EME CYCLE LONG PRO;LYCEE;Public;50;Manche;846;;178;
2020;2EME CYCLE LONG PRO;LYCEE;Privé;30;Gard;775;;199;
2020;2EME CYCLE LONG PRO;LYCEE;Public;17;Charente-Maritime;1083;;209;
2020;2EME CYCLE COURT PRO;LYCEE;Public;63;Puy-de-Dôme;489;;216;
2020;COLLEGE;COLLEGE;Privé;22;Côtes-d'Armor;1326;;217;
2020;COLLEGE;COLLEGE;Public;5;Hautes-Alpes;1229;;241;
2020;2EME CYCLE COURT PRO;LYCEE;Public;30;Gard;586;;242;
2020;COLLEGE;COLLEGE;Privé;64;Pyrénées-Atlantiques;1441;;247;
2020;2EME CYCLE LONG GT;LYCEE;Public;74;Haute-Savoie;1857;;251;
2020;2EME CYCLE LONG GT;LYCEE;Public;3;Allier;1326;;266;
2020;2EME CYCLE LONG GT;LYCEE;Public;1;Ain;2063;;281;
2020;2EME CYCLE LONG PRO;LYCEE;Public;11;Aude;979;;294;
2020;2EME CYCLE LONG PRO;LYCEE;Public;88;Vosges;1070;;297;
2020;2EME CYCLE COURT PRO;LYCEE;Public;76;Seine-Maritime;836;;302;
2020;COLLEGE;COLLEGE;Public;23;Creuse;1158;;306;
2020;2EME CYCLE LONG PRO;LYCEE;Public;27;Eure;1363;;308;
2020;2EME CYCLE LONG GT;LYCEE;Public;28;Eure-et-Loir;1926;;315;
2020;2EME CYCLE LONG PRO;LYCEE;Public;37;Indre-et-Loire;1304;;318;
2020;2EME CYCLE LONG GT;LYCEE;Public;87;Haute-Vienne;1621;;363;
2020;2EME CYCLE COURT PRO;LYCEE;Public;38;Isère;834;;365;
2020;COLLEGE;COLLEGE;Public;43;Haute-Loire;1482;;397;
2020;2EME CYCLE LONG GT;LYCEE;Public;49;Maine-et-Loire;2333;;422;
2020;2EME CYCLE LONG PRO;LYCEE;Public;63;Puy-de-Dôme;1666;;436;
2020;2EME CYCLE LONG PRO;LYCEE;Public;68;Haut-Rhin;1852;;457;
2020;2EME CYCLE LONG PRO;LYCEE;Public;80;Somme;1812;;491;
2020;2EME CYCLE LONG PRO;LYCEE;Public;35;Ille-et-Vilaine;1883;;517;
2020;2EME CYCLE LONG PRO;LYCEE;Public;44;Loire-Atlantique;2195;;532;
2020;COLLEGE;COLLEGE;Public;55;Meuse;1930;;538;
2020;2EME CYCLE LONG GT;LYCEE;Public;68;Haut-Rhin;3164;;590;
2020;COLLEGE;COLLEGE;Public;52;Haute-Marne;2025;;591;
2020;2EME CYCLE LONG PRO;LYCEE;Public;54;Meurthe-et-Moselle;2115;;632;
2020;2EME CYCLE LONG GT;LYCEE;Public;60;Oise;3687;;659;
2020;2EME CYCLE LONG GT;LYCEE;Public;66;Pyrénées-Orientales;2953;;660;
2020;2EME CYCLE LONG GT;LYCEE;Public;54;Meurthe-et-Moselle;3210;;704;
2020;2EME CYCLE COURT PRO;LYCEE;Public;59;Nord;2064;;809;
2020;COLLEGE;COLLEGE;Privé;13;Bouches-du-Rhône;2941;;814;
2020;2EME CYCLE LONG PRO;LYCEE;Public;77;Seine-et-Marne;3711;;850;
2020;COLLEGE;COLLEGE;Public;82;Tarn-et-Garonne;3468;;862;
2020;COLLEGE;COLLEGE;Public;79;Deux-Sèvres;3064;;876;
2020;2EME CYCLE LONG GT;LYCEE;Public;972;Martinique;2698;;953;
2020;2EME CYCLE LONG GT;LYCEE;Public;6;Alpes-Maritimes;4639;;955;
2020;COLLEGE;COLLEGE;Public;28;Eure-et-Loir;4527;;1048;
2020;2EME CYCLE LONG GT;LYCEE;Public;67;Bas-Rhin;4886;;1049;
2020;COLLEGE;COLLEGE;Public;47;Lot-et-Garonne;4178;;1094;
2020;2EME CYCLE LONG GT;LYCEE;Public;91;Essonne;6363;;1132;
2020;COLLEGE;COLLEGE;Public;56;Morbihan;4490;;1136;
2020;COLLEGE;COLLEGE;Public;8;Ardennes;3802;;1270;
2020;2EME CYCLE LONG GT;LYCEE;Public;31;Haute-Garonne;6066;;1314;
2020;2EME CYCLE LONG PRO;LYCEE;Public;69;Rhône;4921;;1437;
2020;COLLEGE;COLLEGE;Public;25;Doubs;5522;;1603;
2020;2EME CYCLE LONG GT;LYCEE;Public;973;Guyane;2810;;1689;
2020;COLLEGE;COLLEGE;Public;91;Essonne;15796;;3695;
2020;COLLEGE;COLLEGE;Public;31;Haute-Garonne;13581;;4282;
2020;COLLEGE;COLLEGE;Public;94;Val-de-Marne;16600;;4444;
2020;COLLEGE;COLLEGE;Public;971;Guadeloupe;10487;;6389;
2020;COLLEGE;COLLEGE;Public;76;Seine-Maritime;20165;;8601;
2020;COLLEGE;COLLEGE;Public;59;Nord;37880;;13382;
